cl,n,ano_medio,cit_mediana,defesa,dual_use,orquestracao,qca,brasil,ecossistema,termos
0,239,2016.916,0.0,0.632,0.067,0.013,0.0,0.071,0.067,"property, intellectual property, intellectual, rights, protection, property rights, patent, law"
1,464,2017.547,0.0,0.946,0.078,0.002,0.0,0.091,0.082,"defense, defense industry, industry, defense industrial, national defense, indonesia, industrial base, base"
2,515,2022.07,2.0,0.041,0.004,0.856,0.066,0.039,0.882,"ecosystems, ecosystem, orchestration, innovation ecosystems, value, actors, business, business ecosystem"
3,587,2015.08,5.0,0.015,0.014,0.012,0.01,0.024,0.131,"university, spin-offs, universities, spin-off, transfer, technology transfer, academic, technology"
4,263,2016.966,1.0,0.947,0.076,0.004,0.0,0.08,0.141,"defence, defence industry, industry, defence industrial, european, european defence, procurement, defence industries"
5,451,2018.277,0.0,0.889,0.18,0.016,0.011,0.078,0.124,"military, states, china, technological, united, security, united states, war"
6,306,2024.111,2.0,0.007,0.007,0.052,0.984,0.026,0.784,"qualitative comparative, fsqca, comparative, configurations, qualitative, configurational, fuzzy-set, fuzzy-set qualitative"
7,851,2016.651,1.0,0.501,0.039,0.032,0.029,0.248,0.14,"cluster, aerospace, clusters, brazilian, brazil, coherence, industrial clusters, aerospace industry"
8,256,2023.133,0.0,0.703,0.109,0.016,0.008,0.008,0.367,"ukraine, innovative, development, economy, state, enterprises, economic, innovative development"
