source,count
Zenodo (CERN European Organization for Nuclear Research),77
Edward Elgar Publishing eBooks,36
DOAJ (DOAJ: Directory of Open Access Journals),31
Defense Technical Information Center (DTIC),30
Sustainability,29
Defence and Peace Economics,27
The Journal of Technology Transfer,26
Technological Forecasting and Social Change,23
International Journal of Technology Management,23
Technology Analysis and Strategic Management,22
R and D Management,19
Industry and Higher Education,19
RePEc: Research Papers in Economics,17
Research Policy,15
Technovation,15
