teoria,contexto,obs,esperado,odds_ratio,p,q_fdr
orchestration,dual_use,3,31.9,0.09046907712544344,7.434859763973715e-12,2.4491302751913416e-11
orchestration,defense,9,253.5,0.015415264097784327,3.5449963761627234e-145,1.9851979706511253e-143
orchestration,brazil,20,48.3,0.3656943209214746,6.714009508806719e-07,1.634715358665984e-06
orchestration,emerging,29,27.8,1.0671237349004243,0.7551898550653844,0.7831598496974357
orchestration,ip_patent,24,76.4,0.25654406645522543,1.0713053169248049e-14,4.324308082671521e-14
orchestration,tech_transfer,35,169.6,0.1297411724553039,1.3607499751965514e-50,1.5240399722201376e-49
orchestration,mission_policy,12,43.8,0.23959978936282253,1.7309706213824138e-09,5.101808147232377e-09
coher_prox,dual_use,2,14.1,0.15886255355098225,9.353648373077364e-05,0.00019400159588604902
coher_prox,defense,36,112.0,0.1878872583275099,2.2591479420025994e-26,1.5814035594018197e-25
coher_prox,brazil,13,21.3,0.5926416392690572,0.06025922938276869,0.0937365790398624
coher_prox,emerging,11,12.3,0.9213283067297666,0.8796511732763732,0.8956448309723073
coher_prox,ip_patent,23,33.8,0.6448471783254471,0.043926734978311247,0.07234991643486559
coher_prox,tech_transfer,41,74.9,0.43974435829473113,3.960950621684744e-07,1.008241976428844e-06
coher_prox,mission_policy,10,19.3,0.5033848985523559,0.019836039489759344,0.03471306910707885
ecosystem,dual_use,23,71.9,0.24048112414897468,1.0810770206678803e-14,4.324308082671521e-14
ecosystem,defense,234,571.1,0.17057542904372083,5.374834430382189e-124,1.5049536405070132e-122
ecosystem,brazil,48,108.7,0.3361101749541101,1.073998440868297e-14,4.324308082671521e-14
ecosystem,emerging,67,62.6,1.111745032461145,0.48934587748492464,0.570533051993805
ecosystem,ip_patent,89,172.2,0.38847708524752816,1.51432406535011e-17,7.709286150873288e-17
ecosystem,tech_transfer,194,382.1,0.3136434528362434,1.2461423737589833e-46,1.1630662155083844e-45
ecosystem,mission_policy,71,98.6,0.6277094134549316,0.0004688508502851828,0.0009053671591713874
cluster_helix,dual_use,68,63.3,1.1138735110630453,0.49921642049457937,0.570533051993805
cluster_helix,defense,402,502.8,0.5964607517619234,6.712680236038146e-13,2.506067288120908e-12
cluster_helix,brazil,86,95.7,0.8599166032278712,0.23870525223513864,0.3182736696468515
cluster_helix,emerging,58,55.1,1.0806186271131202,0.6314743134253924,0.6933835598396466
cluster_helix,ip_patent,107,151.6,0.6031168831168832,3.574691046969328e-06,8.340945776261765e-06
cluster_helix,tech_transfer,321,336.4,0.9139532197226533,0.2523225397526897,0.3286060982825726
cluster_helix,mission_policy,69,86.8,0.7288096283350037,0.02296512952833056,0.03897112889656095
institutions,dual_use,3,2.5,1.4081569517131145,0.7363447622647269,0.7780246544683908
institutions,defense,17,19.8,0.7705877334296913,0.4392239004420675,0.5347073570599082
institutions,brazil,5,3.8,1.4949707602339182,0.42045372980067297,0.523231308196393
institutions,emerging,5,2.2,2.729109535066982,0.06280054140139181,0.09504946806697138
institutions,ip_patent,10,6.0,1.9691386457853524,0.07701473221469213,0.10782062510056897
institutions,tech_transfer,16,13.2,1.3597725708905226,0.40361321401869954,0.5136895451147085
institutions,mission_policy,8,3.4,2.8264792415822164,0.01777755204987893,0.03211428757397484
capabilities,dual_use,21,22.2,0.9561183527333034,0.9086184063961303,0.9086184063961303
capabilities,defense,328,176.4,9.143157894736841,6.892884465134878e-66,9.65003825118883e-65
capabilities,brazil,15,33.6,0.4118894046448818,0.0001924359172127362,0.0003848718344254724
capabilities,emerging,27,19.3,1.5092764694525729,0.0662023995129242,0.09756143086115145
capabilities,ip_patent,17,53.2,0.27357254553907273,4.826715383418449e-10,1.5016447859524062e-09
capabilities,tech_transfer,44,118.0,0.267476022004903,1.9263759163076114e-20,1.1986339034802914e-19
capabilities,mission_policy,54,30.4,2.087170467838638,1.615456171901536e-05,3.61862182505944e-05
configurational,dual_use,3,22.8,0.13263314830344902,1.611391417199774e-07,4.511895968159367e-07
configurational,defense,4,181.1,0.011021770621207986,2.4467059989538903e-105,4.567184531380595e-104
configurational,brazil,10,34.5,0.26306374901863633,2.8604853711181913e-07,7.627960989648511e-07
configurational,emerging,32,19.9,1.8036246133324134,0.005254455492362562,0.009808316919076783
configurational,ip_patent,7,54.6,0.10848534247730403,3.4906936641705104e-18,1.954788451935486e-17
configurational,tech_transfer,23,121.2,0.12552682362022385,4.079101140228971e-37,3.263280912183177e-36
configurational,mission_policy,2,31.3,0.06673933432063768,1.4398875682091263e-12,5.039606488731942e-12
network_sna,dual_use,3,4.9,0.6836978659346498,0.4848826356413686,0.570533051993805
network_sna,defense,21,39.0,0.38052628879199796,5.1411541075718145e-05,0.00011073255000923908
network_sna,brazil,9,7.4,1.3010886583590466,0.5574804175243604,0.6243780676272837
network_sna,emerging,8,4.3,2.104515063445932,0.07431257655655292,0.10670523813248625
network_sna,ip_patent,18,11.8,1.7291963215772992,0.05576036635712764,0.08921658617140422
network_sna,tech_transfer,20,26.1,0.6980040567705317,0.15351090143745166,0.20967342635359254
network_sna,mission_policy,5,6.7,0.7874073300616059,0.6829355631091467,0.7354690679636965
