var,IRR,lo,hi,p,modelo
const,2.6918060347793076,1.5170610218347187,4.776221671104089,0.0007131636841762408,Poisson robusto (HC1)
log_auth_z,0.9568034865887103,0.6877710991571326,1.3310720864401393,0.7932060073568308,Poisson robusto (HC1)
intl,1.549597820552123,1.1300053886387036,2.1249928802132834,0.006556215219594817,Poisson robusto (HC1)
review,0.7332614266421442,0.39137283114562255,1.3738110492427482,0.3327787853678713,Poisson robusto (HC1)
oa_i,1.3321728974976244,0.7974726583660745,2.2253861749484067,0.27328230322399427,Poisson robusto (HC1)
repo,0.4770039366253042,0.0879649763587245,2.5866289627379664,0.39079370099811817,Poisson robusto (HC1)
abs_len_z,1.0820951032989032,0.9193991401532323,1.2735815832809136,0.34257388115255827,Poisson robusto (HC1)
f_dual_use,0.25601659910052227,0.14615954751873989,0.4484448681437915,1.897130615722581e-06,Poisson robusto (HC1)
f_orchestration,1.6771366481951397,1.1056436512648549,2.544027032128663,0.015000201097781513,Poisson robusto (HC1)
f_brazil,0.4697831072146605,0.2619169341102623,0.8426189340294892,0.011263209026586639,Poisson robusto (HC1)
f_configurational,1.1083940551606508,0.5632586025691116,2.1811249325122035,0.7657263609052036,Poisson robusto (HC1)
C_0,0.5954369824179863,0.29305872529056826,1.2098093980293714,0.15174645836370823,Poisson robusto (HC1)
C_2,0.1845935266977805,0.09751943785996761,0.3494151611871845,2.106648285102574e-07,Poisson robusto (HC1)
C_3,0.20595926281448187,0.1131466938854626,0.3749046170277445,2.3388763882690085e-07,Poisson robusto (HC1)
C_4,0.14095006391205622,0.08637191366412686,0.23001598174690127,4.456742199225345e-15,Poisson robusto (HC1)
C_5,1.1851172786517903,0.7217179028702037,1.9460553196386707,0.5021014171591953,Poisson robusto (HC1)
C_6,1.2333203982393857,0.48108405665055226,3.1617742963746394,0.6624024542981346,Poisson robusto (HC1)
R_AmLatina,0.6352994932178625,0.39605685311712097,1.019059367124547,0.05988290625386486,Poisson robusto (HC1)
R_N.América,2.9728033035577655,1.5393912866476627,5.740944201970602,0.0011757766695818666,Poisson robusto (HC1)
R_Outros,0.6198013498297323,0.4330472877274509,0.8870941445372473,0.00892658499671815,Poisson robusto (HC1)
R_Ásia,0.5759650642075016,0.37307975150191086,0.8891818809573006,0.012771504349224095,Poisson robusto (HC1)
const,2.463709648914016,1.877210967738511,3.2334486312236037,8.029968839936678e-11,NB2
log_auth_z,1.2385253552181654,1.1217371205389837,1.3674728485237584,2.3028937980128163e-05,NB2
intl,2.2301787800773294,1.6613598254418604,2.9937508509238113,9.344695959568585e-08,NB2
review,0.48130709971028013,0.23053677436134454,1.0048571420905799,0.05152725165424113,NB2
oa_i,1.4607193341861222,1.1586686824962287,1.8415108697581402,0.0013460661921451808,NB2
repo,1.2410549776528177,0.24263116096350984,6.347978765136743,0.7953780297377218,NB2
abs_len_z,1.163542792178439,1.0060956510734573,1.345629342285619,0.041162733219113234,NB2
f_dual_use,0.5542430971625673,0.3303693469568666,0.9298241909606144,0.025378670279028934,NB2
f_orchestration,2.0327417792137337,1.4069024604817124,2.9369762702285964,0.00015794684062097193,NB2
f_brazil,0.4663809433333914,0.33705115256025364,0.645335827076456,4.1607871158755364e-06,NB2
f_configurational,0.7069187108066743,0.4292538873275519,1.1641922844305825,0.17298536562654732,NB2
C_0,0.722603229240939,0.5133108621546658,1.0172304258624911,0.0625955796405347,NB2
C_2,0.2934875138771426,0.19924603622168313,0.43230431297489613,5.506091440174595e-10,NB2
C_3,0.3729585499485687,0.2533151339853229,0.5491108162049188,5.816315809442755e-07,NB2
C_4,0.18598198167795058,0.12192009413715525,0.2837046489641482,5.846031150510381e-15,NB2
C_5,1.0099444399765676,0.6653931925359544,1.532909839296962,0.9629283517157193,NB2
C_6,0.919805699704178,0.596293468372944,1.4188358083425228,0.7054261785339839,NB2
R_AmLatina,0.5079046363405015,0.34501246632192023,0.7477037637691507,0.0005957247704369039,NB2
R_N.América,2.433919099981418,1.3310495571461736,4.450594760690639,0.0038691568944972865,NB2
R_Outros,0.46580206619391223,0.36764217199238364,0.5901705011007626,2.4920279389281903e-10,NB2
R_Ásia,0.6109505843240883,0.43363853438514915,0.8607644083457358,0.0048443684384782745,NB2
const,2.3042182009711443,1.7923433832017464,2.9622791968591593,7.389254533334274e-11,Poisson s/ top-1% outliers
log_auth_z,1.2298494363525967,1.1202010685889203,1.3502304885337084,1.409922159683609e-05,Poisson s/ top-1% outliers
intl,1.8912064579098087,1.5054673217488657,2.3757818019489405,4.374318265724098e-08,Poisson s/ top-1% outliers
review,1.1925544264175472,0.533657483726194,2.66497913612652,0.6677543510144899,Poisson s/ top-1% outliers
oa_i,1.1719899487609777,0.9530570601819109,1.441215324226848,0.13251933249718117,Poisson s/ top-1% outliers
repo,0.14850221229356747,0.08088037971931678,0.2726607754886301,7.665107427768741e-10,Poisson s/ top-1% outliers
abs_len_z,1.0698153397965477,0.9746469634966408,1.1742763319735592,0.15568740429121294,Poisson s/ top-1% outliers
f_dual_use,0.3514768308100239,0.21144218866351705,0.584254085606585,5.515153346006067e-05,Poisson s/ top-1% outliers
f_orchestration,1.5153381953774512,1.0639196820860486,2.1582924773677346,0.021260614546233687,Poisson s/ top-1% outliers
f_brazil,0.4694770612081657,0.29402550263471944,0.7496244680328938,0.0015402928701339236,Poisson s/ top-1% outliers
f_configurational,1.4282536491661015,0.8283906637778807,2.4624957469381297,0.1996499934600654,Poisson s/ top-1% outliers
C_0,0.8506113429586201,0.6076451731211591,1.1907272348654034,0.34578636696455833,Poisson s/ top-1% outliers
C_2,0.28666915755769123,0.20588349734201045,0.39915392421337,1.3838508025354073e-13,Poisson s/ top-1% outliers
C_3,0.3112930747013469,0.22960947827858252,0.42203561927633737,5.6780896553591415e-14,Poisson s/ top-1% outliers
C_4,0.21590798645039175,0.14586987440022672,0.3195742699082635,1.8350371665715583e-14,Poisson s/ top-1% outliers
C_5,1.04931677870606,0.727707714284347,1.5130603681409212,0.7965661191138174,Poisson s/ top-1% outliers
C_6,0.7065615486447373,0.5312947377148823,0.9396464647296381,0.016943477193051927,Poisson s/ top-1% outliers
R_AmLatina,0.6512510332351047,0.44100009106318766,0.9617410900466713,0.031076948179438128,Poisson s/ top-1% outliers
R_N.América,1.3326208751740019,0.9562350979335031,1.8571566770424248,0.08994403055236114,Poisson s/ top-1% outliers
R_Outros,0.5193128153255553,0.4056258224324521,0.6648634905541904,2.0159034137176833e-07,Poisson s/ top-1% outliers
R_Ásia,0.5333813009297699,0.4011808338183116,0.709145572767759,1.5250978869296566e-05,Poisson s/ top-1% outliers
const,2.1818211503137195,2.0656306222145555,2.304547328434129,1.0150135235939574e-147,Mediana (log1p cit/ano)
log_auth_z,1.092936509719585,1.0737149138443993,1.11250220973566,2.5535464383740007e-22,Mediana (log1p cit/ano)
intl,1.74919243195553,1.655518282828253,1.8481669430937469,2.0576072305077717e-81,Mediana (log1p cit/ano)
review,0.9865386649176273,0.7804395928023287,1.247064534338615,0.9097148737914789,Mediana (log1p cit/ano)
oa_i,1.0801240908526124,1.0432253004833416,1.1183279883066948,1.4324178326315773e-05,Mediana (log1p cit/ano)
repo,0.8764123741503572,0.7919433789635594,0.9698908658963725,0.010758873464438603,Mediana (log1p cit/ano)
abs_len_z,1.0000020895402744,0.9826661250427803,1.017643891043237,0.9998130668438648,Mediana (log1p cit/ano)
f_dual_use,0.9379762339203351,0.8753389107795264,1.0050957458476015,0.06938062292815762,Mediana (log1p cit/ano)
f_orchestration,1.1089699750220325,1.0033310734762073,1.2257314041311118,0.04286578083108775,Mediana (log1p cit/ano)
f_brazil,0.9379743034836451,0.8810169918475579,0.9986138770724867,0.04514268925347948,Mediana (log1p cit/ano)
f_configurational,1.4328153991928163,1.0680252997283377,1.9222016263905544,0.016465115957478856,Mediana (log1p cit/ano)
C_0,0.8884374777172275,0.8426884693020581,0.9366701700170293,1.1980851780550615e-05,Mediana (log1p cit/ano)
C_2,0.8333341623820602,0.7897046854969658,0.8793740735576248,3.706951176698878e-11,Mediana (log1p cit/ano)
C_3,0.8333376678158727,0.7793807493581872,0.8910300506814831,1.0177307496234176e-07,Mediana (log1p cit/ano)
C_4,0.8225326253632423,0.7589710637493733,0.891417278077364,2.0226046247112787e-06,Mediana (log1p cit/ano)
C_5,1.278624383684372,1.1541839248054917,1.4164816191039549,2.6635161614456398e-06,Mediana (log1p cit/ano)
C_6,1.0603393648854842,0.9933124305847689,1.13188915602703,0.07862702899949858,Mediana (log1p cit/ano)
R_AmLatina,0.6325633777178048,0.5750545528578214,0.6958234220409512,1.0624021650247377e-20,Mediana (log1p cit/ano)
R_N.América,0.8701087109348892,0.8060488148288661,0.9392597010461626,0.0003674268554992795,Mediana (log1p cit/ano)
R_Outros,0.5988057076802271,0.569466398027941,0.6296565992166309,4.041981022152437e-82,Mediana (log1p cit/ano)
R_Ásia,0.6112083062795156,0.5705044131603488,0.6548163082483907,8.457021539890115e-43,Mediana (log1p cit/ano)
