interseccao,ano,titulo,citacoes,fonte
orquestração ∩ defesa/dual-use,2017,Using patents to orchestrate ecosystem stability: the case of a French aerospace company,26,International Journal of Technology Management
orquestração ∩ defesa/dual-use,2012,Songs and Intellectuals:,0,Comparative Literature Studies
orquestração ∩ defesa/dual-use,2026,FROM THE BATTLEFIELD TO THE MILITARY-TECHNOLOGICAL COMPLEX: HOW MODERNITY RECONFIGURES WAR AND NATIONAL STRATEGIES,0,Seven Editora eBooks
orquestração ∩ defesa/dual-use,2026,MODELS OF PUBLIC ADMINISTRATION IN THE STRATEGIC AEROSPACE INDUSTRY: A COMPARATIVE ANALYSIS OF INTERNATIONAL EXPERIENCE AND IMPLICATIONS FOR UKRAINE,0,Успіхи і досягнення у науці
orquestração ∩ defesa/dual-use,2025,Investigating the Triple Helix Twins Governance through Coopetition: A CoPS Case Study,0,Innovations
orquestração ∩ defesa/dual-use,2026,COLLABORATIVE INNOVATION ECOSYSTEMS FOR DEFENSE SPACE TECHNOLOGY DEVELOPMENT: AN INTEGRATIVE LITERATURE REVIEW AND CONCEPTUAL FRAMEWORK,0,International Journal of Computer Information Systems and Industrial Management Applications
orquestração ∩ defesa/dual-use,2026,Strategic sourcing in R&D&I PMOs: a conceptual framework for complex technological environments from an ethnographic perspective,0,Journal of Global Operations and Strategic Sourcing
orquestração ∩ defesa/dual-use,2026,"Territories: Competitiveness, defence and preparedness",0,Joint Research Centre (European Commission)
orquestração ∩ defesa/dual-use,2026,Technologies of coercion: Strategic engineered migration and the weaponisation of mobility in Turkey’s foreign policy,0,Comparative Strategy
orquestração ∩ defesa/dual-use,1997,Revolution from above: FMS in Britain,0,Cambridge University Press eBooks
orquestração ∩ defesa/dual-use,2012,In My Lifetime,0,Educational Media Reviews Online
orquestração ∩ dual-use,2026,FROM THE BATTLEFIELD TO THE MILITARY-TECHNOLOGICAL COMPLEX: HOW MODERNITY RECONFIGURES WAR AND NATIONAL STRATEGIES,0,Seven Editora eBooks
orquestração ∩ dual-use,2026,Strategic sourcing in R&D&I PMOs: a conceptual framework for complex technological environments from an ethnographic perspective,0,Journal of Global Operations and Strategic Sourcing
orquestração ∩ dual-use,2026,"Territories: Competitiveness, defence and preparedness",0,Joint Research Centre (European Commission)
coerência/proximidade ∩ dual-use,2020,Cluster correlation expansion for studying decoherence of clock transitions in spin baths,15,Physical review. B./Physical review. B
coerência/proximidade ∩ dual-use,2024,"The Geopolitics of Artificial Intelligence: Power, Leadership, and the US-China Rivalry",0,Global Multidisciplinary Perspectives Journal
coerência/proximidade ∩ defesa ∩ ecossistema,2021,Regeneration Criteria for Adaptive Reuse of the Waterfront Ecosystem: Learning from the US Case Study to Improve European Approach,14,Sustainability
coerência/proximidade ∩ defesa ∩ ecossistema,2016,Revisiting Innovation: Revolutionising European Innovation Policy by Means of an Innovation Ecosystem,3,Palgrave Macmillan UK eBooks
coerência/proximidade ∩ defesa ∩ ecossistema,2026,Nigeria: a case of indigenous innovation in safeguarding national security,0,African Journal of Social Issues
coerência/proximidade ∩ defesa ∩ ecossistema,2026,STRATEGIC GUIDELINES FOR THE DIGITAL TRANSFORMATION OF THE MILITARY-INDUSTRIAL COMPLEX WORLDWIDE,0,Social Development Economic and Legal Issues
coerência/proximidade ∩ defesa ∩ ecossistema,2021,Cybersecurity in Israel,0,Oxford University Press eBooks
coerência/proximidade ∩ defesa ∩ ecossistema,2012,The Role of Coherent Linkages in Fostering Innovation-Based Economies in the Gulf Cooperation Council Countries,0,
coerência/proximidade ∩ defesa ∩ ecossistema,2025,Cantonment And Cluster: How The British Military Presence Shaped Early Industrial Concentrations in Bangalore (1806–1900),0,Zenodo (CERN European Organization for Nuclear Research)
coerência/proximidade ∩ defesa ∩ ecossistema,2025,INTEGRATING RESEARCH AND INNOVATION TO ENHANCE NIGERIA'S DEFENSE INDUSTRIAL SELF-RELIANCE,0,Zenodo (CERN European Organization for Nuclear Research)
coerência/proximidade ∩ defesa ∩ ecossistema,2025,ABSORPTIVE CAPACITY AND INSTITUTIONAL ENVIRONMENT AS DETERMINANTS OF DEFENCE INDUSTRY TRANSFORMATION,0,Економіка розвитку систем
fsQCA ∩ defesa/dual-use,2020,"Clusters and firm-level innovation: A configurational analysis of agglomeration, network and institutional advantages in European aerospace",104,Research Policy
fsQCA ∩ defesa/dual-use,2025,Digital Transformation Drives Regional Innovation Ecosystem Resilience: A Study Based on the Dynamic QCA Method,13,Sustainability
fsQCA ∩ defesa/dual-use,2026,Configurational pathways of artificial intelligence in driving regional green innovation: A dynamic QCA approach,0,Journal of Innovation & Knowledge
fsQCA ∩ defesa/dual-use,2026,MODELS OF PUBLIC ADMINISTRATION IN THE STRATEGIC AEROSPACE INDUSTRY: A COMPARATIVE ANALYSIS OF INTERNATIONAL EXPERIENCE AND IMPLICATIONS FOR UKRAINE,0,Успіхи і досягнення у науці
fsQCA ∩ defesa/dual-use,2026,"Artificial Intelligence in Intelligence, Surveillance, and Reconnaissance: A Comparative Analysis of United States and People's Republic of China Capabilities and Strategic Implications, 2020–2026",0,Zenodo (CERN European Organization for Nuclear Research)
fsQCA ∩ defesa/dual-use,2026,A Comparative Study of E-Governance System in India and Russia,0,Zenodo (CERN European Organization for Nuclear Research)
fsQCA ∩ ecossistema,2019,How can open innovation ecosystem modes push product innovation forward? An fsQCA analysis,327,Journal of Business Research
fsQCA ∩ ecossistema,2021,Levels of necessity of entrepreneurial ecosystems elements,114,Small Business Economics
fsQCA ∩ ecossistema,2021,Entrepreneurial ecosystem and the quality and quantity of regional entrepreneurship: A configurational approach,114,Journal of Business Research
fsQCA ∩ ecossistema,2022,"Barriers to Sustainable Digital Transformation in Micro-, Small-, and Medium-Sized Enterprises",111,Sustainability
fsQCA ∩ ecossistema,2019,Symmetric and asymmetric modeling of entrepreneurial ecosystem in developing entrepreneurial intentions among female university students in Saudi Arabia,105,International Journal of Gender and Entrepreneurship
fsQCA ∩ ecossistema,2021,Sustainability startups and where to find them: Investigating the share of sustainability startups across entrepreneurial ecosystems and the causal drivers of differences,94,Journal of Cleaner Production
fsQCA ∩ ecossistema,2023,How firms realign to tackle the grand challenge of climate change: An innovation ecosystems perspective,89,Journal of Product Innovation Management
fsQCA ∩ ecossistema,2023,What entrepreneurial ecosystem elements promote sustainable entrepreneurship?,86,Journal of Cleaner Production
fsQCA ∩ ecossistema,2023,Innovation ecosystems and national talent competitiveness: A country-based comparison using fsQCA,81,Technological Forecasting and Social Change
fsQCA ∩ ecossistema,2023,Figuring it out: configurations of high-performing entrepreneurial ecosystems in Europe,81,Regional Studies
fsQCA ∩ ecossistema,2019,Regional Recipes: A Configurational Analysis of the Regional Entrepreneurial Ecosystem for U.S. Venture Capital-Backed Startups,80,Strategy Science
fsQCA ∩ ecossistema,2021,Overcoming the Early‐stage Conundrum of Digital Platform Ecosystem Emergence: A Problem‐Solving Perspective,75,Journal of Management Studies
fsQCA ∩ ecossistema,2022,Effective policy mixes in entrepreneurial ecosystems: a configurational analysis in China,65,Small Business Economics
fsQCA ∩ ecossistema,2023,Rise of fsQCA in tourism and hospitality research: a systematic literature review,65,International Journal of Contemporary Hospitality Management
fsQCA ∩ ecossistema,2022,Can a country's environmental sustainability exert influence on its economic and financial situation? The relationship between environmental performance indicators and country risk,62,Journal of Cleaner Production
fsQCA ∩ ecossistema,2024,Circular economy startups and digital entrepreneurial ecosystems,60,Business Strategy and the Environment
fsQCA ∩ ecossistema,2024,Digital technologies and corporate green innovation: opening the “black box” of resource orchestration mechanisms,58,Sustainability Accounting Management and Policy Journal
fsQCA ∩ ecossistema,2023,Unpacking complementarity in innovation ecosystems: A configurational analysis of knowledge transfer for achieving breakthrough innovation,53,Technological Forecasting and Social Change
fsQCA ∩ ecossistema,2022,"Executive green investment vision, stakeholders’ green innovation concerns and enterprise green innovation performance",53,Frontiers in Environmental Science
fsQCA ∩ ecossistema,2021,Innovation and the knowledge-base for entrepreneurship: investigating SME innovation across European regions using fsQCA,45,Entrepreneurship and Regional Development
fsQCA ∩ ecossistema,2023,"Unlocking the connection between education, entrepreneurial mindset, and social values in entrepreneurial activity development",44,Review of Managerial Science
fsQCA ∩ ecossistema,2023,Time-to-unicorn and digital entrepreneurial ecosystems,42,Technological Forecasting and Social Change
fsQCA ∩ ecossistema,2021,Uncovering complexity in the economic assessment of derogations from the European industrial emissions directive,42,Journal of Innovation & Knowledge
fsQCA ∩ ecossistema,2023,Green innovation efficiency and multiple paths of urban sustainable development in China: multi-configuration analysis based on urban innovation ecosystem,37,Scientific Reports
fsQCA ∩ ecossistema,2022,Enhanced digital transformation supporting capabilities through enterprise architecture management: A fsQCA perspective,35,Digital Business
fsQCA ∩ ecossistema,2019,CONFIGURATIONS OF KNOWLEDGE-INTENSIVE ENTREPRENEURIAL ECOSYSTEMS,35,Revista de Administração de Empresas
fsQCA ∩ ecossistema,2023,The influence of digital innovation ecosystem of high-end equipment manufacturing on the intelligent maturity of enterprise – an empirical study on the configuration of the “three-layer core-periphery” structure,33,Business Process Management Journal
fsQCA ∩ ecossistema,2024,Sustainable competitive advantage under digital transformation: an eco-strategy perspective,32,Chinese Management Studies
fsQCA ∩ ecossistema,2023,"Cryptocurrencies have arrived, but are we ready? Unveiling cryptocurrency adoption recipes through an SEM-fsQCA approach",32,The Bottom Line Managing Library Finances
fsQCA ∩ ecossistema,2024,Linking Digital Servitization and Industrial Sustainability Performance: A Configurational Perspective on Smart Solution Strategies,31,IEEE Transactions on Engineering Management
fsQCA ∩ ecossistema,2024,"Bridging realities into organizations through innovation and productivity: Exploring the intersection of artificial intelligence, internet of things, and big data analytics in the metaverse environment using a multi-method approach",30,Decision Support Systems
fsQCA ∩ ecossistema,2021,How Do Innovation Types and Collaborative Modes Drive Firm Performance? An FsQCA Analysis Based on Evidence From Software Ecosystems,29,IEEE Transactions on Engineering Management
fsQCA ∩ ecossistema,2024,"Enhancing Digital Innovation Ecosystem Resilience through the Interplay of Organizational, Technological, and Environmental Factors: A Study of 31 Provinces in China Using NCA and fsQCA",29,Sustainability
fsQCA ∩ ecossistema,2025,How does knowledge sharing create business value in the supply chain platform ecosystem? Unveiling its mediating role in governance mechanisms,28,Journal of Knowledge Management
fsQCA ∩ ecossistema,2023,Transformative social innovation in developing and emerging ecosystems: a configurational examination,27,Review of Managerial Science
fsQCA ∩ ecossistema,2015,"Why Do Some Water Utilities Recycle More than Others? A Qualitative Comparative Analysis in New South Wales, Australia",27,Environmental Science & Technology
fsQCA ∩ ecossistema,2023,Collaborative Innovation Performance Within Platform-Based Innovation Ecosystems: Identifying Relational Strategies With fsQCA,24,IEEE Transactions on Engineering Management
fsQCA ∩ ecossistema,2021,The value of entrepreneurship and the entrepreneurial ecosystem: Evidence from 265 cities in China,23,Growth and Change
fsQCA ∩ ecossistema,2024,Impacts of Digital Entrepreneurial Ecosystems on Sustainable Development: Insights from Latin America,23,Sustainability
fsQCA ∩ ecossistema,2019,Integrating Qualitative Comparative Analysis and Support Vector Machine Methods to Reduce Passengers’ Resistance to Biometric E-Gates for Sustainable Airport Operations,23,Sustainability
fsQCA ∩ ecossistema,2021,Do specific entrepreneurial ecosystems favor high-level networking while others not? Lessons from the Hungarian IT sector,21,Technological Forecasting and Social Change
fsQCA ∩ ecossistema,2024,Digital capabilities and metaverse entrepreneurial performance: Role of entrepreneurial orientation,21,Journal of Innovation & Knowledge
fsQCA ∩ ecossistema,2021,Deconstructing the ivory tower: identifying challenges of university-industry ecosystem partnerships,20,Review of Managerial Science
fsQCA ∩ ecossistema,2013,Chapter 9 The Value of Configurational Approaches for Studying Digital Business Strategy,19,Research in the sociology of organizations
fsQCA ∩ ecossistema,2023,How can regional innovation ecosystem affect innovation level? an Fs QCA analysis,19,Technology Analysis and Strategic Management
fsQCA ∩ ecossistema,2021,Should Manufacturers Support the Entire Product Lifecycle with Services?,18,Sustainability
fsQCA ∩ ecossistema,2024,Gender-based policies and women’s entrepreneurship: an fsQCA analysis of sub-Saharan African countries,18,International Journal of Entrepreneurial Behaviour & Research
fsQCA ∩ ecossistema,2021,Celebrating IJPDLM's 50th anniversary: a reflection on its contributions and future directions,18,International Journal of Physical Distribution & Logistics Management
fsQCA ∩ ecossistema,2023,"New vision and purpose for Strategic Change: Branching out into the future, rooting from our legacy",17,Strategic Change
fsQCA ∩ ecossistema,2022,Value Creation in Platform Enterprises: A Fuzzy-Set Qualitative Comparative Analysis,17,Sustainability
fsQCA ∩ ecossistema,2024,The Impact of the Industrial Innovation Ecosystem on Innovation Performance—Using the Equipment Manufacturing Industry as an Example,17,Systems
fsQCA ∩ ecossistema,2024,The driving pathways for the construction of rural e-commerce entrepreneurial ecosystem based on the TOE framework,17,Humanities and Social Sciences Communications
fsQCA ∩ ecossistema,2022,Antecedents of environmental value creation: an analysis with ecopreneurs in a developing country,17,International Journal of Sustainable Development & World Ecology
fsQCA ∩ ecossistema,2024,Can digital platform empowers inbound and outbound open innovation? From the perspective of the innovation ecosystem,16,Humanities and Social Sciences Communications
fsQCA ∩ ecossistema,2025,Innovativeness and start-up performance: a configurational analysis of relational factors,16,International Journal of Entrepreneurial Behaviour & Research
fsQCA ∩ ecossistema,2021,On the Combinatory Nature of Knowledge Transfer Conditions: A Mixed Method Assessment,15,Information Systems Frontiers
fsQCA ∩ ecossistema,2025,"Promoting Sustainable Island Tourism Through Tourists’ Environmentally Responsible Behavior: Integrating VIP, VAB, and TPB",14,Sustainability
fsQCA ∩ ecossistema,2021,"Understanding the relationship between networks, startup risk-taking behaviour, and digitalization: the role of ecosystem coopetition",14,Journal of Management & Organization
fsQCA ∩ ecossistema,2024,How Does the Digital Innovation Ecosystem Enable Green Regional Development? A Dynamic QCA Study in China,14,Systems
fsQCA ∩ ecossistema,2024,Analyzing the impact of digital innovation ecosystem on the intelligent development in high-end equipment manufacturing industry: a dynamic QCA analysis,14,Business Process Management Journal
Brasil ∩ defesa ∩ (cluster|ecossistema),2007,Riscos percebidos e vitimização de policiais civis e militares na (in)segurança pública,53,Cadernos de Saúde Pública
Brasil ∩ defesa ∩ (cluster|ecossistema),2019,New perspectives on university-industry relations: an analysis of the knowledge flow within two sectors and two countries,35,Technology Analysis and Strategic Management
Brasil ∩ defesa ∩ (cluster|ecossistema),2014,The Open Innovation Journey in Emerging Economies: An Analysis of the Brazilian Aerospace Industry,23,Journal of Aerospace Technology and Management
Brasil ∩ defesa ∩ (cluster|ecossistema),2015,Emerging Brazil: The Challenges of Liberal Peace and Global Governance,21,Global Society
Brasil ∩ defesa ∩ (cluster|ecossistema),2014,"Industrial determinants of anti-dumping in Brazil – Protection, competition and performance: An analysis with binary dependent variable and panel data",13,EconomiA
Brasil ∩ defesa ∩ (cluster|ecossistema),2022,Maturity Model for Innovation Project Management in Industrial Enterprises: A Case Study of the Aerospace Sector in Brazil,11,Journal of Industrial Integration and Management
Brasil ∩ defesa ∩ (cluster|ecossistema),2019,Analysis of the innovation value chain in strategic projects of the Brazilian Army,7,Revista de Gestão
Brasil ∩ defesa ∩ (cluster|ecossistema),2021,Innovation Ecosystems in the Automotive Industry between Opportunities and Limitations,7,Foresight-Russia
Brasil ∩ defesa ∩ (cluster|ecossistema),2024,Identifying Technological Trends and Promoting Strategies to Boost Innovation and Technology Transfer: A Case Study on the Patent Portfolio of Brazilian Public Research Institutions,6,Journal of Aerospace Technology and Management
Brasil ∩ defesa ∩ (cluster|ecossistema),2023,The dynamics of innovation in CoPS industries: evidence from the Brazilian aerospace industry,6,Technology Analysis and Strategic Management
Brasil ∩ defesa ∩ (cluster|ecossistema),2023,Brazilian National Food and Nutritional Security System: what are the similarities in the decentralization process?,6,Cadernos de Saúde Pública
Brasil ∩ defesa ∩ (cluster|ecossistema),2009,Sobering up and Going Global: Brazil's Progress from Populism and Protectionism,5,Law and business review of the Americas
Brasil ∩ defesa ∩ (cluster|ecossistema),2014,Democracy and the Left: Social Policy and Inequality in Latin America,5,Hispanic American Historical Review
Brasil ∩ defesa ∩ (cluster|ecossistema),2011,"Consortium for research and innovation in aerospace in Quebec, Canada a reference model for the Brazilian aerospace industry",5,Product Management & Development
Brasil ∩ defesa ∩ (cluster|ecossistema),2024,"State–Firm Nexus, Indigenous Coupling, and Social Downgrading in the Aerospace Global Production Network: A Case Study of Embraer, Brazil",5,Economic Geography
Brasil ∩ defesa ∩ (cluster|ecossistema),2015,Aerospace Cluster of Bangalore: Can the SMEs Take up the Challenges?,5,Journal of Asian Business Strategy
Brasil ∩ defesa ∩ (cluster|ecossistema),2013,Innovation Policies of Brazil,4,
Brasil ∩ defesa ∩ (cluster|ecossistema),2021,The development of artificial intelligence in Brazil: emphasis on the military sphere and the questions of intellectual property,4,Право и политика
Brasil ∩ defesa ∩ (cluster|ecossistema),2015,"Reimagining the Geography of the Favelas: Pacification, Tourism, and Transformation in Complexo Do Alemão, Rio de Janeiro",4,Tourism Review International
Brasil ∩ defesa ∩ (cluster|ecossistema),2022,STRATEGIZING OF POSTWAR DEVELOPMENT OF INFANT MANUFACTURING INDUSTRIES,3,Economic scope
Brasil ∩ defesa ∩ (cluster|ecossistema),2025,Who’s to blame for the Brazilian nuclear program never coming of age?,3,Science and Public Policy
Brasil ∩ defesa ∩ (cluster|ecossistema),2023,"Detection of vulnerable areas to the occurrence of floods in tropical regions, from morphometric attributes",2,Revista Brasileira de Geomorfologia
Brasil ∩ defesa ∩ (cluster|ecossistema),2018,Comparative Analysis of Sectoral Innovation Systems: Russia and Brazil on the Regional Jet Market,2,MGIMO Review of International Relations
Brasil ∩ defesa ∩ (cluster|ecossistema),2025,Inside the Fog: Assessing Foreign Policy Expertise in the Brazilian Federal Senate,1,Dados
Brasil ∩ defesa ∩ (cluster|ecossistema),2025,Defence technology management: the effect of the manufacturing base on arms exports,1,International Journal of Technology Management
Brasil ∩ defesa ∩ (cluster|ecossistema),2024,Independence of the Indonesian Defense Industry and Challenges in Defense Budget Allocation,1,International Journal Of Humanities Education and Social Sciences (IJHESS)
Brasil ∩ defesa ∩ (cluster|ecossistema),2025,Patent Trends Analysis as a Basis for Innovation Strategies,1,Foresight-Russia
Brasil ∩ defesa ∩ (cluster|ecossistema),2017,Emerging markets,1,
Brasil ∩ defesa ∩ (cluster|ecossistema),2022,Freedoms Gained and Lost: Reconstruction and Its Meanings 150 Years Later ed. by Adam H. Domby and Simon Lewis,0,The Journal of Southern History
Brasil ∩ defesa ∩ (cluster|ecossistema),2026,Introducing Authoritarian 101A Global History,0,The American Historical Review
Brasil ∩ defesa ∩ (cluster|ecossistema),2007,"Prevalência dos marcadores sorológicos dos vírus das hepatites B e D na área indígena Apyterewa, do grupo Parakanã, Pará, Brasil",0,LA Referencia (Red Federada de Repositorios Institucionales de Publicaciones Científicas)
Brasil ∩ defesa ∩ (cluster|ecossistema),2025,"VULNERABILIDADE SOCIOAMBIENTAL E ALERTA PRECOCE DE DESASTRES: UMA ANÁLISE ESPACIAL E MULTIVARIADA DO ENGAJAMENTO PÚBLICO EM CURITIBA (PARANÁ, BRASIL)",0,Caminhos de Geografia
Brasil ∩ defesa ∩ (cluster|ecossistema),2026,The Middle Power Paradox: Material Capabilities and the Crisis of Multilateralism,0,Alternatives Global Local Political
Brasil ∩ defesa ∩ (cluster|ecossistema),2021,ORÇAMENTO EM DEFESA E CAPACIDADES ESTRATÉGICAS: DISSIMILARIDADES ENTRE OS PAÍSES DA AMÉRICA DO SUL,0,Austral Brazilian Journal of Strategy & International Relations
Brasil ∩ defesa ∩ (cluster|ecossistema),2026,REASSESSING THE AVIATION DEVELOPMENT STRATEGY IN UKRAINE,0,Актуальні проблеми сталого розвитку
Brasil ∩ defesa ∩ (cluster|ecossistema),2022,Welfare Gains in the Maritime Domain,0,
Brasil ∩ defesa ∩ (cluster|ecossistema),2025,Defence Technology ManagementThe Effect of the Manufacturing Base on Arms Exports,0,International Journal of Technology Management
Brasil ∩ defesa ∩ (cluster|ecossistema),2026,Nigeria: a case of indigenous innovation in safeguarding national security,0,African Journal of Social Issues
Brasil ∩ defesa ∩ (cluster|ecossistema),2013,Advancing Industry Technology: A New Ecosystem for Innovation,0,Journal of Petroleum Technology
Brasil ∩ defesa ∩ (cluster|ecossistema),2026,Spatiotemporal analysis of official records of disasters induced by natural hazards in Brazil from 2013 to 2024,0,Discover Hazards
Brasil ∩ defesa ∩ (cluster|ecossistema),2026,The Brazilian Macro Regime Score: A Monthly Composite of Domestic Macro-Financial Rotation,0,Zenodo (CERN European Organization for Nuclear Research)
Brasil ∩ defesa ∩ (cluster|ecossistema),2009,Brazil Joins Resources to Build Research Base,0,Research-Technology Management
Brasil ∩ defesa ∩ (cluster|ecossistema),2026,Metagovernance and Collaboration Networks in the Defense Sector: The Case of the Naval Technological Cluster,0,Desafíos
Brasil ∩ defesa ∩ (cluster|ecossistema),2026,Cadeia de suprimentos da aeronáutica brasileira,0,Revista Brasileira de Inovação
Brasil ∩ defesa ∩ (cluster|ecossistema),2020,INDÚSTRIA 4.0: ANÁLISE DO PANORAMA BRASILEIRO E REFLEXOS PARA A BASE INDUSTRIAL DE DEFESA,0,Revista Brasileira de Estudos Estratégicos
Brasil ∩ defesa ∩ (cluster|ecossistema),2020,A ESTRATÉGIA NACIONAL DE DEFESA E O MODELO TRÍPLICE HÉLICE: contribuições para a modernização da Indústria de Defesa no Brasil.,0,Revista Brasileira de Estudos Estratégicos
Brasil ∩ defesa ∩ (cluster|ecossistema),2024,Empreendedorismo militar: análise estratégica da indústria de produtos táticos e de defesa no brasil,0,RCMOS - Revista Científica Multidisciplinar O Saber
Brasil ∩ defesa ∩ (cluster|ecossistema),2026,Defense Expenditure and Technological Innovation in Brazil: Evidence from a Dynamic Distributed Lag Model,0,Journal of Aerospace Technology and Management
Brasil ∩ defesa ∩ (cluster|ecossistema),2020,DEMANDS OF THE MARINE OPERATING GROUPS DURING THE MINUSTAH: CONTRIBUTIONS TO THE BRAZILIAN DEFENSE INDUSTRIAL BASE,0,DOAJ (DOAJ: Directory of Open Access Journals)
Brasil ∩ defesa ∩ (cluster|ecossistema),2025,INNOVATION AND INVESTMENT STRATEGIES TO STRENGTHEN THE DEFENCE INDUSTRY AND THE RESEARCH AND DEVELOPMENT CAPABILITIES OF THE INDONESIAN ARMY THROUGH TRIPLE HELIX COLLABORATION,0,
Brasil ∩ defesa ∩ (cluster|ecossistema),2023,INNOVATION IN DEFENSE: CHALLENGES AND POSSIBILITIES FOR THE BRAZILIAN SYSTEM,0,Zenodo (CERN European Organization for Nuclear Research)
Brasil ∩ defesa ∩ (cluster|ecossistema),2024,OVERVIEW OF INTELLECTUAL PROPERTY PROTECTION IN THE AERONAUTICS INNOVATION SYSTEM,0,Revista Indicação Geográfica e Inovação
Brasil ∩ defesa ∩ (cluster|ecossistema),2016,Insights from the Brazilian and Mexican Aerospace Innovation System: National or Regional System,0,Management and Organizational Studies
Brasil ∩ dual-use,2019,Learning to fight in UN peacekeeping,7,Defence Studies
Brasil ∩ dual-use,2024,Identifying Technological Trends and Promoting Strategies to Boost Innovation and Technology Transfer: A Case Study on the Patent Portfolio of Brazilian Public Research Institutions,6,Journal of Aerospace Technology and Management
Brasil ∩ dual-use,2020,The triple helix approach in the defence industry: a case study at the Brazilian Army,4,World Review of Science Technology and Sustainable Development
Brasil ∩ dual-use,2023,Beyond the buzzwords: some thoughts on interoperability and military change challenges in Brazil,2,Defence Studies
Brasil ∩ dual-use,2026,Tecnologías Digitales en la Seguridad Nacional: Análisis Comparado y Propuesta para la República del Perú,0,Revista de Ciencia e Investigación en Defensa - CAEN
Brasil ∩ dual-use,2025,Peace Chaplaincy,0,Zenodo (CERN European Organization for Nuclear Research)
Brasil ∩ dual-use,2020,"The Brazilian Navy Nuclear Program applicability, viability and relevance",0,Revista da Escola de Guerra Naval
Brasil ∩ dual-use,2020,"The Brazilian Navy Nuclear Program; applicability, viability and relevance to the country",0,Revista da Escola de Guerra Naval
Brasil ∩ dual-use,2009,Defence and Regional Integration: The Case of the Brazilian Weapons Industry,0,
Brasil ∩ dual-use,2026,"UTILITY MODEL, TECHNOLOGICAL MATURITY, AND DUAL USE IN THE BRAZILIAN DEFENSE INDUSTRIAL BASE: AN ANALYSIS OF PATENT BR 202014017157-1 IN LIGHT OF TRL",0,Seven Editora eBooks
Brasil ∩ dual-use,2025,The Potential For Dual Use of Emerging Technological Innovations in The Brazilian Army,0,Revista de Gestão Social e Ambiental
Brasil ∩ dual-use,2026,La latencia nuclear como desafío estratégico: la doctrina rusa de los Estados umbral en el siglo XXI,0,Zenodo (CERN European Organization for Nuclear Research)
PI/patente ∩ defesa ∩ instituições inclusivas,2026,INTERNATIONAL VENTURE FINANCING OF INNOVATIVE STARTUPS,0,Economic scope
PI/patente ∩ defesa ∩ instituições inclusivas,2019,Impact of Intellectual Property Rights Institutional Quality and Financial Development on Foreign Direct Investment - Evidence from Developing Countries,0,Jinnah Business Review
PI/patente ∩ defesa ∩ instituições inclusivas,2025,Military-Civil Collaboration in the USA in the Sphere of Advanced Technologies,0,World Economy and International Relations
capacidades tecnológicas ∩ defesa,2012,Cost analysis of stratospheric albedo modification delivery systems,181,Environmental Research Letters
capacidades tecnológicas ∩ defesa,2015,A comparative study of technological learning and organizational capability development in complex products systems: Distinctive paths of three latecomers in military aircraft industry,104,Research Policy
capacidades tecnológicas ∩ defesa,2000,Virtuous War/Virtual Theory,104,International Affairs
capacidades tecnológicas ∩ defesa,2002,Enhancing technological capability through supplier development: a study of the UK aerospace industry,91,IEEE Transactions on Engineering Management
capacidades tecnológicas ∩ defesa,1994,One Hundred Years of Sea Power,65,Stanford University Press eBooks
capacidades tecnológicas ∩ defesa,2019,Cooperation and non cooperation in European defence procurement,47,Journal of European Integration
capacidades tecnológicas ∩ defesa,1999,Telemedicine: Emerging e-medicine,46,Annual Review of Biomedical Engineering
capacidades tecnológicas ∩ defesa,2009,Proximity and Procurement: A Study of Agglomeration in the Welsh Aerospace Industry,42,European Planning Studies
capacidades tecnológicas ∩ defesa,2020,Capability interactions and adaptation to demand‐side change,41,Strategic Management Journal
capacidades tecnológicas ∩ defesa,2019,Programmable Ultralight Magnets via Orientational Arrangement of Ferromagnetic Nanoparticles within Aerogel Hosts,38,ACS Nano
capacidades tecnológicas ∩ defesa,2014,Military Modernization in Chinese Technical Progress and Industrial Innovation,35,Review of Political Economy
capacidades tecnológicas ∩ defesa,2010,Leaving Us behind: A Political Economic Interpretation of NCLB and the Miseducation of African American Males.,31,W&M Publish (College of William & Mary)
capacidades tecnológicas ∩ defesa,2017,Between defence autarky and dependency: the dynamics of Turkish defence industrialization,31,Defence Studies
capacidades tecnológicas ∩ defesa,2018,"Sustainability of Additive Manufacturing for the South African aerospace industry: A business model for laser technology production, commercialization and market prospects",24,Procedia CIRP
capacidades tecnológicas ∩ defesa,2015,"Role of Public Research Institutes in Japan’s National Innovation System: Case Study of AIST, RIKEN and JAXA",22,Science Technology and Society
capacidades tecnológicas ∩ defesa,2014,"Indigenous technological capabilities, emerging market firms and the aerospace industry",22,Technology Analysis and Strategic Management
capacidades tecnológicas ∩ defesa,2019,Civil–Military Patents and Technological Knowledge Flows Into the Leading Defense Firms,21,Armed Forces & Society
capacidades tecnológicas ∩ defesa,2020,"India's Space Program, Ambitions, and Activities",21,Asia policy
capacidades tecnológicas ∩ defesa,1998,Defence procurement as an industrial policy tool: The Spanish experience,20,Defence and Peace Economics
capacidades tecnológicas ∩ defesa,2001,The military potential of China's commercial technology,18,Defense Technical Information Center (DTIC)
capacidades tecnológicas ∩ defesa,2016,"Jus nascendi, robotic weapons and the Martens Clause",18,Edward Elgar Publishing eBooks
capacidades tecnológicas ∩ defesa,2003,Toward Fusion of Air and Space: Surveying Developments and Assessing Choices for Small and Middle Powers,16,Defense Technical Information Center (DTIC)
capacidades tecnológicas ∩ defesa,2022,Fusion of Wearable Kinetic and Kinematic Sensors to Estimate Triceps Surae Work during Outdoor Locomotion on Slopes,16,Sensors
capacidades tecnológicas ∩ defesa,2013,Asteroid Retrieval Mission Concept - Trailblazing Our Future in Space and Helping to Protect Us from Earth Impactors,16,NASA Technical Reports Server (NASA)
capacidades tecnológicas ∩ defesa,2025,The Five Eyes Allies and China: Assessing Threat Perceptions and Power Dynamics,16,Journal of Chinese Political Science
capacidades tecnológicas ∩ defesa,2013,Network Centric Warfare,14,
capacidades tecnológicas ∩ defesa,2020,FEASIBILITY REASONING OF CREATING ULTRA-LOW ORBIT COMMUNICATION SYSTEMS BASED ON SMALL SATELLITES AND METHOD OF THEIR ORBITS DESIGNING,14,Information and Telecommunication Sciences
capacidades tecnológicas ∩ defesa,2020,South Korea's Space Program: Activities and Ambitions,14,Asia policy
capacidades tecnológicas ∩ defesa,2021,"Sick Tiger: Social Conflict, State–Business Relations and Exclusive Growth in Thailand",14,Journal of Contemporary Asia
capacidades tecnológicas ∩ defesa,2022,IMPLEMENTATION OF SELECTIVE LASER MELTING TECHNOLOGY IN UKRAINE,14,
capacidades tecnológicas ∩ defesa,2015,"Mass Surveillance, Drones, and Unconventional Warfare",13,FreiDok plus (Universitätsbibliothek Freiburg)
capacidades tecnológicas ∩ defesa,2000,"James Killian, the Technological Capabilities Panel, and the Emergency of President Eisenhower' ""Scientific-Technological Elite""",13,Diplomatic History
capacidades tecnológicas ∩ defesa,2005,Testing the boundaries of public private partnership: the privatisation of the UK Defence Evaluation and Research Agency,12,Science and Public Policy
capacidades tecnológicas ∩ defesa,2014,Network-Centric Warfare and the Data-Information-Knowledge-Wisdom Hierarchy,11,Military review
capacidades tecnológicas ∩ defesa,2021,Unregulated drones and an emerging threat to right to privacy: A critical overview,11,Journal of data protection & privacy.
capacidades tecnológicas ∩ defesa,1990,Sources and directions of technological accumulation in France: a statistical comparison with FR Germany and the UK,10,Technology Analysis and Strategic Management
capacidades tecnológicas ∩ defesa,2002,Finding the Right Balance: Simulator and Live Training for Navy Units,10,Defense Technical Information Center (DTIC)
capacidades tecnológicas ∩ defesa,2001,Government defence research establishments: The uncertain outcome of institutional change1,10,Defence and Peace Economics
capacidades tecnológicas ∩ defesa,2018,"Arms, corruption, and the state: Understanding the role of arms trade corruption in power politics",10,The Economics of Peace and Security Journal
capacidades tecnológicas ∩ defesa,2025,"AI, education and digital sovereignty",10,Frontiers in Education
capacidades tecnológicas ∩ defesa,2022,Knowledge and Innovation Within Chinese Firms in the Space Sector,9,Journal of the Knowledge Economy
capacidades tecnológicas ∩ defesa,2016,Un(wo)manned aerial vehicles: an assessment of how unmanned aerial vehicles influence masculinity in the conflict arena,9,Contemporary Security Policy
capacidades tecnológicas ∩ defesa,2014,Unflooding Asia: The Green Cities Way,9,Water Intelligence Online
capacidades tecnológicas ∩ defesa,2008,The Defence Industry and ?Transformation?: A European Perspective,9,Research Explorer (The University of Manchester)
capacidades tecnológicas ∩ defesa,2019,ASSESSMENT OF TECHNOLOGY COMPETITIVENESS ABILITIES IN INDONESIAN WAR SHIP IN ASIA,8,JOURNAL ASRO
capacidades tecnológicas ∩ defesa,2006,China’s Outer Space Programme: Diplomacy of Competition or Co-operation?,8,China Perspectives
capacidades tecnológicas ∩ defesa,2003,Humanitarian Law: Developing International Rules for the Digital Battlefield,7,Journal of Conflict and Security Law
capacidades tecnológicas ∩ defesa,2007,Network Centric Warfare: Coalition Operations in the Age of US Military Primacy,7,
capacidades tecnológicas ∩ defesa,2018,Accumulating technological capabilities through R&D projects: studies on the Brazilian defence industry,7,International Journal of Technological Learning Innovation and Development
capacidades tecnológicas ∩ defesa,2013,Aircraft and the Third Industrial Revolution,7,Cambridge University Press eBooks
capacidades tecnológicas ∩ defesa,2023,The Taliban Courts in Afghanistan,7,
capacidades tecnológicas ∩ defesa,2010,Integrating Legal and Policy Factors in Cyberpreparedness,7,Computer
capacidades tecnológicas ∩ defesa,2000,"The Limits of Technology Transfer: Civil Systems at TRW, 1965–1975",6,The MIT Press eBooks
capacidades tecnológicas ∩ defesa,2022,Tripartite Game Analysis of Military-Civilian Technology Transfer from the Perspective of Technology Characteristics,6,Mathematical Problems in Engineering
capacidades tecnológicas ∩ defesa,2006,Defense Policymaking of a Third-Tier Country: Taiwan as a Case Study,6,Korean Journal of Defense Analysis
capacidades tecnológicas ∩ defesa,1990,Military Industrial Networks and Technical Change in the New Strategic Environment,5,Government and Opposition
capacidades tecnológicas ∩ defesa,2022,Using Model-Based Systems Engineering to Avoid Unnecessary Technology Resulting From Dynamic Requirements,5,IEEE Transactions on Engineering Management
capacidades tecnológicas ∩ defesa,2024,GRAPH NEURAL NETWORK MODELS FOR PREDICTING CYBER ATTACK PATTERNS IN CRITICAL INFRASTRUCTURE SYSTEMS,5,
capacidades tecnológicas ∩ defesa,2016,Close Target Reconnaissance,5,Journal of Cognitive Engineering and Decision Making
capacidades tecnológicas ∩ defesa,2024,Trust in artificial intelligence: Producing ontological security through governmental visions,5,Cooperation and Conflict
redes (ARS) ∩ defesa ∩ cluster,2008,Heterogeneity and Specificity of Inter‐Firm Knowledge Flows in Innovation Networks,513,Journal of Management Studies
redes (ARS) ∩ defesa ∩ cluster,2016,Firm growth and knowledge flows: comparative analysis between defence and civil areas,7,Journal of Innovation Economics & Management
redes (ARS) ∩ defesa ∩ cluster,2014,On impetus of collaborative innovation of Dual-use technological industrial cluster,1,Kexue guanli yanjiu
redes (ARS) ∩ defesa ∩ cluster,2026,Exploring Innovation Research in the Defense Industry,0,
redes (ARS) ∩ defesa ∩ cluster,2026,Winning the Tug of War in Hierarchical Military Organizations: Achieving Anti-Fragility Through the Institutionalization of Effective Innovation Management Systems,0,Systems
redes (ARS) ∩ defesa ∩ cluster,2018,Bibliometric Analysis of the Research on Innovation Mechanism of Colleges in Civil-Military Inosculation,0,Global Journal of Educational Studies
TRIPLA do projeto: orquestração ∩ dual-use/defesa ∩ (cluster|ecossistema),2017,Using patents to orchestrate ecosystem stability: the case of a French aerospace company,26,International Journal of Technology Management
TRIPLA do projeto: orquestração ∩ dual-use/defesa ∩ (cluster|ecossistema),2026,MODELS OF PUBLIC ADMINISTRATION IN THE STRATEGIC AEROSPACE INDUSTRY: A COMPARATIVE ANALYSIS OF INTERNATIONAL EXPERIENCE AND IMPLICATIONS FOR UKRAINE,0,Успіхи і досягнення у науці
TRIPLA do projeto: orquestração ∩ dual-use/defesa ∩ (cluster|ecossistema),2025,Investigating the Triple Helix Twins Governance through Coopetition: A CoPS Case Study,0,Innovations
TRIPLA do projeto: orquestração ∩ dual-use/defesa ∩ (cluster|ecossistema),2026,COLLABORATIVE INNOVATION ECOSYSTEMS FOR DEFENSE SPACE TECHNOLOGY DEVELOPMENT: AN INTEGRATIVE LITERATURE REVIEW AND CONCEPTUAL FRAMEWORK,0,International Journal of Computer Information Systems and Industrial Management Applications
TRIPLA do projeto: orquestração ∩ dual-use/defesa ∩ (cluster|ecossistema),2026,Strategic sourcing in R&D&I PMOs: a conceptual framework for complex technological environments from an ethnographic perspective,0,Journal of Global Operations and Strategic Sourcing
TRIPLA do projeto: orquestração ∩ dual-use/defesa ∩ (cluster|ecossistema),2026,"Territories: Competitiveness, defence and preparedness",0,Joint Research Centre (European Commission)
