year,title,cites,source,doi
2007,Riscos percebidos e vitimização de policiais civis e militares na (in)segurança pública,53,Cadernos de Saúde Pública,https://doi.org/10.1590/s0102-311x2007001100024
2019,New perspectives on university-industry relations: an analysis of the knowledge flow within two sectors and two countries,35,Technology Analysis and Strategic Management,https://doi.org/10.1080/09537325.2019.1612868
2017,Using patents to orchestrate ecosystem stability: the case of a French aerospace company,26,International Journal of Technology Management,https://doi.org/10.1504/ijtm.2017.085695
2014,The Open Innovation Journey in Emerging Economies: An Analysis of the Brazilian Aerospace Industry,23,Journal of Aerospace Technology and Management,https://doi.org/10.5028/jatm.v6i4.390
2015,Emerging Brazil: The Challenges of Liberal Peace and Global Governance,21,Global Society,https://doi.org/10.1080/13600826.2015.1008422
2021,Regeneration Criteria for Adaptive Reuse of the Waterfront Ecosystem: Learning from the US Case Study to Improve European Approach,14,Sustainability,https://doi.org/10.3390/su13084156
2014,"Industrial determinants of anti-dumping in Brazil – Protection, competition and performance: An analysis with binary dependent variable and panel data",13,EconomiA,https://doi.org/10.1016/j.econ.2014.07.003
2022,Maturity Model for Innovation Project Management in Industrial Enterprises: A Case Study of the Aerospace Sector in Brazil,11,Journal of Industrial Integration and Management,https://doi.org/10.1142/s2424862222500166
2021,Innovation Ecosystems in the Automotive Industry between Opportunities and Limitations,7,Foresight-Russia,https://doi.org/10.17323/2500-2597.2021.3.66.80
2019,Analysis of the innovation value chain in strategic projects of the Brazilian Army,7,Revista de Gestão,https://doi.org/10.1108/rege-01-2019-0016
2023,Brazilian National Food and Nutritional Security System: what are the similarities in the decentralization process?,6,Cadernos de Saúde Pública,https://doi.org/10.1590/0102-311xen131022
2024,Identifying Technological Trends and Promoting Strategies to Boost Innovation and Technology Transfer: A Case Study on the Patent Portfolio of Brazilian Public Research Institutions,6,Journal of Aerospace Technology and Management,https://doi.org/10.1590/jatm.v16.1336
2023,The dynamics of innovation in CoPS industries: evidence from the Brazilian aerospace industry,6,Technology Analysis and Strategic Management,https://doi.org/10.1080/09537325.2023.2258423
2011,"Consortium for research and innovation in aerospace in Quebec, Canada a reference model for the Brazilian aerospace industry",5,Product Management & Development,https://doi.org/10.4322/pmd.2012.002
2024,"State–Firm Nexus, Indigenous Coupling, and Social Downgrading in the Aerospace Global Production Network: A Case Study of Embraer, Brazil",5,Economic Geography,https://doi.org/10.1080/00130095.2024.2346526
2015,Aerospace Cluster of Bangalore: Can the SMEs Take up the Challenges?,5,Journal of Asian Business Strategy,https://doi.org/10.18488/journal.1006/2015.5.9/1006.9.191.199
2014,Democracy and the Left: Social Policy and Inequality in Latin America,5,Hispanic American Historical Review,https://doi.org/10.1215/00182168-2390204
2009,Sobering up and Going Global: Brazil's Progress from Populism and Protectionism,5,Law and business review of the Americas,https://doi.org/10.25172/lbra.15.1.10
2013,Innovation Policies of Brazil,4,,
2015,"Reimagining the Geography of the Favelas: Pacification, Tourism, and Transformation in Complexo Do Alemão, Rio de Janeiro",4,Tourism Review International,https://doi.org/10.3727/154427215x14230549904099
2021,The development of artificial intelligence in Brazil: emphasis on the military sphere and the questions of intellectual property,4,Право и политика,https://doi.org/10.7256/2454-0706.2021.10.36096
2016,Revisiting Innovation: Revolutionising European Innovation Policy by Means of an Innovation Ecosystem,3,Palgrave Macmillan UK eBooks,https://doi.org/10.1057/978-1-137-55554-0_1
2022,STRATEGIZING OF POSTWAR DEVELOPMENT OF INFANT MANUFACTURING INDUSTRIES,3,Economic scope,https://doi.org/10.32782/2224-6282/181-12
2025,Who’s to blame for the Brazilian nuclear program never coming of age?,3,Science and Public Policy,https://doi.org/10.1093/scipol/scaf002
2018,Comparative Analysis of Sectoral Innovation Systems: Russia and Brazil on the Regional Jet Market,2,MGIMO Review of International Relations,https://doi.org/10.24833/2071-8160-2018-3-60-179-197
2023,"Detection of vulnerable areas to the occurrence of floods in tropical regions, from morphometric attributes",2,Revista Brasileira de Geomorfologia,https://doi.org/10.20502/rbgeomorfologia.v24i4.2287
2025,Inside the Fog: Assessing Foreign Policy Expertise in the Brazilian Federal Senate,1,Dados,https://doi.org/10.1590/dados.2025.68.3.383
2024,Independence of the Indonesian Defense Industry and Challenges in Defense Budget Allocation,1,International Journal Of Humanities Education and Social Sciences (IJHESS),https://doi.org/10.55227/ijhess.v3i4.738
2025,Defence technology management: the effect of the manufacturing base on arms exports,1,International Journal of Technology Management,https://doi.org/10.1504/ijtm.2025.144823
2017,Emerging markets,1,,https://doi.org/10.4324/9781315160344-3
2025,Patent Trends Analysis as a Basis for Innovation Strategies,1,Foresight-Russia,https://doi.org/10.17323/fstig.2025.23834
2026,STRATEGIC GUIDELINES FOR THE DIGITAL TRANSFORMATION OF THE MILITARY-INDUSTRIAL COMPLEX WORLDWIDE,0,Social Development Economic and Legal Issues,https://doi.org/10.70651/3083-6018/2026.4.23
2026,FROM THE BATTLEFIELD TO THE MILITARY-TECHNOLOGICAL COMPLEX: HOW MODERNITY RECONFIGURES WAR AND NATIONAL STRATEGIES,0,Seven Editora eBooks,https://doi.org/10.56238/sevened2026.019-120
2025,INNOVATION AND INVESTMENT STRATEGIES TO STRENGTHEN THE DEFENCE INDUSTRY AND THE RESEARCH AND DEVELOPMENT CAPABILITIES OF THE INDONESIAN ARMY THROUGH TRIPLE HELIX COLLABORATION,0,,https://doi.org/10.5281/zenodo.18906174
2016,Insights from the Brazilian and Mexican Aerospace Innovation System: National or Regional System,0,Management and Organizational Studies,https://doi.org/10.5430/mos.v3n4p36
2025,Investigating the Triple Helix Twins Governance through Coopetition: A CoPS Case Study,0,Innovations,https://doi.org/10.3917/inno.hs1.2025.0035
2026,COLLABORATIVE INNOVATION ECOSYSTEMS FOR DEFENSE SPACE TECHNOLOGY DEVELOPMENT: AN INTEGRATIVE LITERATURE REVIEW AND CONCEPTUAL FRAMEWORK,0,International Journal of Computer Information Systems and Industrial Management Applications,https://doi.org/10.70917/ijcisim-2026-5063
2026,"Artificial Intelligence in Intelligence, Surveillance, and Reconnaissance: A Comparative Analysis of United States and People's Republic of China Capabilities and Strategic Implications, 2020–2026",0,Zenodo (CERN European Organization for Nuclear Research),https://doi.org/10.5281/zenodo.19080465
2026,Strategic sourcing in R&D&I PMOs: a conceptual framework for complex technological environments from an ethnographic perspective,0,Journal of Global Operations and Strategic Sourcing,https://doi.org/10.1108/jgoss-07-2025-0067
2023,INNOVATION IN DEFENSE: CHALLENGES AND POSSIBILITIES FOR THE BRAZILIAN SYSTEM,0,Zenodo (CERN European Organization for Nuclear Research),https://doi.org/10.5281/zenodo.7896749
2024,OVERVIEW OF INTELLECTUAL PROPERTY PROTECTION IN THE AERONAUTICS INNOVATION SYSTEM,0,Revista Indicação Geográfica e Inovação,https://doi.org/10.51722/ingi.v8.i4.340
2025,INTEGRATING RESEARCH AND INNOVATION TO ENHANCE NIGERIA'S DEFENSE INDUSTRIAL SELF-RELIANCE,0,Zenodo (CERN European Organization for Nuclear Research),https://doi.org/10.5281/zenodo.18873025
2025,ABSORPTIVE CAPACITY AND INSTITUTIONAL ENVIRONMENT AS DETERMINANTS OF DEFENCE INDUSTRY TRANSFORMATION,0,Економіка розвитку систем,https://doi.org/10.32782/2707-8019/2025-2-10
2026,Defense Expenditure and Technological Innovation in Brazil: Evidence from a Dynamic Distributed Lag Model,0,Journal of Aerospace Technology and Management,https://doi.org/10.1590/jatm.v18.1446
2020,DEMANDS OF THE MARINE OPERATING GROUPS DURING THE MINUSTAH: CONTRIBUTIONS TO THE BRAZILIAN DEFENSE INDUSTRIAL BASE,0,DOAJ (DOAJ: Directory of Open Access Journals),https://doi.org/10.22491/1809-3191.v24n2.p435-462
2024,Empreendedorismo militar: análise estratégica da indústria de produtos táticos e de defesa no brasil,0,RCMOS - Revista Científica Multidisciplinar O Saber,https://doi.org/10.51473/rcmos.v1i2.2024.932
2026,"Territories: Competitiveness, defence and preparedness",0,Joint Research Centre (European Commission),https://doi.org/10.2760/8535462
2025,Cantonment And Cluster: How The British Military Presence Shaped Early Industrial Concentrations in Bangalore (1806–1900),0,Zenodo (CERN European Organization for Nuclear Research),https://doi.org/10.5281/zenodo.17581329
2012,The Role of Coherent Linkages in Fostering Innovation-Based Economies in the Gulf Cooperation Council Countries,0,,
2020,INDÚSTRIA 4.0: ANÁLISE DO PANORAMA BRASILEIRO E REFLEXOS PARA A BASE INDUSTRIAL DE DEFESA,0,Revista Brasileira de Estudos Estratégicos,
2026,Cadeia de suprimentos da aeronáutica brasileira,0,Revista Brasileira de Inovação,https://doi.org/10.20396/rbi.v25i00.8677109
2020,A ESTRATÉGIA NACIONAL DE DEFESA E O MODELO TRÍPLICE HÉLICE: contribuições para a modernização da Indústria de Defesa no Brasil.,0,Revista Brasileira de Estudos Estratégicos,
2009,Brazil Joins Resources to Build Research Base,0,Research-Technology Management,
2026,Metagovernance and Collaboration Networks in the Defense Sector: The Case of the Naval Technological Cluster,0,Desafíos,https://doi.org/10.12804/revistas.urosario.edu.co/desafios/a.15378
2026,The Brazilian Macro Regime Score: A Monthly Composite of Domestic Macro-Financial Rotation,0,Zenodo (CERN European Organization for Nuclear Research),https://doi.org/10.5281/zenodo.21402939
2026,Spatiotemporal analysis of official records of disasters induced by natural hazards in Brazil from 2013 to 2024,0,Discover Hazards,https://doi.org/10.1007/s44475-026-00061-0
2025,Defence Technology ManagementThe Effect of the Manufacturing Base on Arms Exports,0,International Journal of Technology Management,https://doi.org/10.1504/ijtm.2025.10069130
2021,Cybersecurity in Israel,0,Oxford University Press eBooks,https://doi.org/10.1093/oxfordhb/9780198800682.013.57
2026,Nigeria: a case of indigenous innovation in safeguarding national security,0,African Journal of Social Issues,https://doi.org/10.4314/ajosi.v9i1.56
2013,Advancing Industry Technology: A New Ecosystem for Innovation,0,Journal of Petroleum Technology,https://doi.org/10.2118/0413-0062-jpt
2021,ORÇAMENTO EM DEFESA E CAPACIDADES ESTRATÉGICAS: DISSIMILARIDADES ENTRE OS PAÍSES DA AMÉRICA DO SUL,0,Austral Brazilian Journal of Strategy & International Relations,https://doi.org/10.22456/2238-6912.118036
2022,Welfare Gains in the Maritime Domain,0,,https://doi.org/10.4324/9781003298984-16
2026,REASSESSING THE AVIATION DEVELOPMENT STRATEGY IN UKRAINE,0,Актуальні проблеми сталого розвитку,https://doi.org/10.60022/3(4)-26s
2007,"Prevalência dos marcadores sorológicos dos vírus das hepatites B e D na área indígena Apyterewa, do grupo Parakanã, Pará, Brasil",0,LA Referencia (Red Federada de Repositorios Institucionales de Publicaciones Científicas),
2026,The Middle Power Paradox: Material Capabilities and the Crisis of Multilateralism,0,Alternatives Global Local Political,https://doi.org/10.1177/03043754261464391
2025,"VULNERABILIDADE SOCIOAMBIENTAL E ALERTA PRECOCE DE DESASTRES: UMA ANÁLISE ESPACIAL E MULTIVARIADA DO ENGAJAMENTO PÚBLICO EM CURITIBA (PARANÁ, BRASIL)",0,Caminhos de Geografia,https://doi.org/10.14393/rcg2610675168
2022,Freedoms Gained and Lost: Reconstruction and Its Meanings 150 Years Later ed. by Adam H. Domby and Simon Lewis,0,The Journal of Southern History,https://doi.org/10.1353/soh.2022.0188
2026,Introducing Authoritarian 101A Global History,0,The American Historical Review,https://doi.org/10.1093/ahr/rhag018
