pais,n_pubs,grau_pond,betw
US,266,158.0,0.26362977185236325
CN,223,57.0,0.06168459631914782
BR,193,46.0,0.05574983340764071
GB,187,175.0,0.21248543814988996
UA,131,0.0,0.0
IT,130,76.0,0.0359310954825905
ID,126,2.0,0.0
RU,91,9.0,0.0
DE,78,63.0,0.06204019310331602
SE,72,68.0,0.005280018984337921
FR,71,47.0,0.008642787629498591
ES,71,38.0,0.10961265878209399
NL,55,65.0,0.01921205409577502
BE,52,40.0,0.04514976533248958
FI,46,35.0,0.014506359273801133
IN,45,3.0,0.0
CA,45,49.0,0.011438942502065425
TR,44,6.0,0.0
KR,43,5.0,0.0
AU,42,44.0,0.00663493022297009
NO,37,29.0,0.004982949252052242
JP,34,10.0,0.0
CH,33,28.0,0.0005932605600379687
PT,32,12.0,0.0007690414667158853
IR,29,6.0,0.0
PL,29,7.0,0.0
MY,28,4.0,0.0011074197120708748
DK,24,29.0,0.0
ZA,21,16.0,0.0007690414667158853
HU,20,2.0,0.0
CO,19,7.0,0.04318936877076412
SG,19,17.0,0.004466592838685861
RO,17,0.0,0.0
TW,16,3.0,0.0
IL,14,4.0,0.0
CL,14,16.0,0.01664197743931963
NG,13,0.0,0.0
MX,13,6.0,0.003300286522877885
PK,13,4.0,0.0
HK,12,8.0,0.0
