kw,grau_pond,betweenness,comunidade
new,36.53651106735828,0.002055511310592786,1
economic,36.10734581414612,0.002055511310592786,1
role,34.53601856414119,0.002055511310592786,0
policy,32.746683067884284,0.002055511310592786,1
key,31.87266170500518,0.002055511310592786,2
growth,27.898402156702563,0.002055511310592786,0
market,27.524056494050928,0.0019856271280967053,1
process,28.645071742114137,0.001973766109840169,0
potential,28.946056553558474,0.001966397196114481,1
support,32.194523071873846,0.0018522201530980452,2
industrial,28.640047568707207,0.001843118186215205,1
case,27.587470314423587,0.0017896360485289402,2
management,28.5831816221908,0.0017876591204084454,2
model,30.25984982518637,0.001760547053886649,2
strategic,31.927476695165097,0.00174769186665568,2
significant,27.540422227798146,0.0017469864265258382,1
challenges,28.901661473061267,0.0017217906733871546,1
technological,34.00186975544218,0.0016800326891327508,1
important,27.383543074363534,0.0016315081805816523,1
global,30.324340352536563,0.0016239329533780926,1
different,26.52444183938135,0.0016100924886152826,2
context,27.2040501565662,0.0015990111022125895,2
public,26.268819737087327,0.0015970261753742124,1
need,28.358678309441704,0.0015925799006584883,1
developing,24.93652462598742,0.0015806371385344018,1
impact,27.15450698656221,0.0015766830301737463,2
data,30.91875188099353,0.001575561963040929,2
systems,28.177893939431222,0.0015698899481291662,1
including,29.226927711543375,0.0015678592533480136,1
countries,26.73649226580302,0.0015589492716390257,1
studies,24.288021653890493,0.0015426487882561873,2
government,25.475032318956526,0.0015415590513513351,1
factors,27.05302846345719,0.0015329315085108157,2
national,33.24633346710224,0.0015320102066497462,1
environment,25.41294478127638,0.0015025258215497063,1
business,29.039281202308775,0.0014906799802382642,2
complex,25.307830546997113,0.0014881468252453704,1
knowledge,27.947858138037606,0.0014622520971030316,0
resources,26.680883248207007,0.001453077228655961,2
use,26.563649044062394,0.0013738998572417334,1
innovative,25.27304058254618,0.001359608325225763,1
institutions,24.026190452276584,0.0013570813200646928,0
strategy,23.39286715767043,0.0013358509746563719,1
strategies,24.09427560179977,0.0013333308115045755,2
economy,27.19993033788403,0.0013317011851913586,1
framework,29.141883356590476,0.001329183238272238,2
focus,23.21310288314069,0.0013214769390165982,1
technologies,29.11261789998206,0.0013147828216538864,1
critical,25.080150875896194,0.0013046576598312331,2
used,23.7960641468134,0.0012868061853104724,1
activities,24.423218632470448,0.0012782049336343712,0
provide,23.233009955501753,0.0012752214961033086,2
international,28.567153247844274,0.0012402416822480096,1
companies,24.143297580893645,0.001238932305693871,0
future,23.48524607311317,0.0012274692608654845,1
high,25.046442509311426,0.0012273031264334678,2
creation,23.044613012303046,0.0012098411526193448,0
level,24.54907289570661,0.0011811527189630254,1
policies,21.873406792123475,0.0011696173121441384,1
institutional,25.25178708183905,0.001160461898745613,2
regional,22.65324902116349,0.0011370572742668043,0
transfer,24.468872579517612,0.0011254685436912874,0
sector,25.542751598447488,0.0011233624136315658,1
developed,22.960651433684056,0.0011130168867241807,1
value,27.58132892547229,0.001085661792909383,2
social,24.9734911156667,0.0010775306986423553,2
importance,22.50291196683772,0.0010743634929623006,2
develop,21.711693437495022,0.0010732579024825106,1
science,23.278470706858407,0.0010698223063138172,1
literature,23.2258085936138,0.0010681064002509824,2
scientific,24.473918708579728,0.0010553284410798813,1
specific,22.20842129290863,0.0010512502463611711,2
effective,22.98101475261027,0.0010464853318503048,1
main,21.822853474668033,0.0010331158985218676,1
current,22.851498563042696,0.0010302759024688527,1
mechanisms,24.801515344563303,0.0010175392350835475,2
financial,21.95416672043232,0.0010123180015035628,2
provides,22.276923648799027,0.0009709166313136223,2
examines,19.587516448526166,0.0009448676046691308,2
capabilities,21.726945618803455,0.0009377782635432213,2
implications,21.843529762395285,0.0009304534436835664,2
information,23.09017524096754,0.0009146527238474007,1
processes,22.31230105404383,0.0009027779759660442,2
conditions,24.232383191294538,0.0008986514579979249,2
military,27.032019424939254,0.000894001386307955,1
time,23.249042133326622,0.0008880568191126924,1
state,24.86443550632543,0.0008826785689451988,1
understanding,23.011229589867668,0.0008749727949009016,2
defense,27.57166253749789,0.0008687573507669003,1
university,23.73996300869099,0.0008543787880645108,0
particularly,20.994806470499533,0.0008531655243773474,1
cooperation,20.19219931720076,0.0008333652768385545,1
implementation,20.946382477569237,0.0007967112813567263,1
ecosystem,26.07154549617665,0.0007963401518497532,2
various,20.086764233967926,0.000783506622525199,1
design,23.226593133951575,0.0007743193771251506,2
enterprises,18.67573443976671,0.0007712852433866553,2
digital,22.65138458575205,0.0007646739559621672,2
theoretical,22.172032716164438,0.0007421678124588279,2
security,23.21577600307397,0.000716476063756827,1
infrastructure,21.412302549541913,0.0007095541191201957,2
production,21.468982231316584,0.0007019671878396281,1
academic,21.352835961435517,0.0006951018918753612,0
practical,21.538005379126375,0.0006934220886073976,2
influence,18.047688029371226,0.000691883242091422,2
intellectual,21.99719230835729,0.0006907925831691698,1
related,19.696388751598878,0.0006874158478533923,1
models,20.998826021112073,0.0006718190967279649,2
work,21.572444761353264,0.0006686218373542533,1
human,21.46575511159694,0.0006640331364593315,1
world,22.322346519325315,0.0006612046513339305,1
performance,19.007844783434116,0.0006303887993325803,2
sustainable,20.412891032711517,0.0006219530528931361,2
property,21.3839285854023,0.0006200343675942814,1
firms,16.25469713228884,0.0006199135795412963,2
order,17.900815224226317,0.0006139534577338548,1
collaboration,18.27230699798777,0.00061112650284984,2
identify,19.157355926782998,0.0005639369851188735,2
emerging,17.19044907760771,0.000556698228468177,2
technology transfer,18.613660981850295,0.0005118332169743967,0
industries,16.527879187288743,0.0005021864188924878,1
perspective,19.349239730685476,0.0005017435983458946,2
integration,19.212502364797,0.0005015185586088624,2
relationship,14.644197242246912,0.0005013421938976004,2
intellectual property,18.939583430515974,0.0004969368096841378,1
qualitative,21.257419358330313,0.0004630467167508806,2
universities,19.09931783596548,0.000461104085222843,0
theory,18.34760148930549,0.0004558363174210977,2
states,19.434394374337668,0.0004375024337204317,1
ecosystems,20.072557195691655,0.0004122912299773658,2
methodology,18.505687009044273,0.0003941602652102142,2
local,15.796392437211207,0.00039325753684583617,0
aims,15.314235897854662,0.0003817300604004797,2
entrepreneurial,16.75383943702558,0.00037184347784986716,2
country,16.603195337717406,0.0003686205072029867,1
products,16.460780399868685,0.0003652035721462747,1
transformation,18.90579117807502,0.00036061728464039684,2
innovations,16.998910452112998,0.00035945767062472593,1
china,14.878240051353911,0.00035545260276780114,1
years,17.926370627531263,0.0003486468170874318,1
comparative,18.574612989180892,0.0003250987283783209,2
field,17.28776476686057,0.00032187445905204967,1
entrepreneurship,16.048998699189745,0.00031945545793032323,2
european,15.462568897746847,0.0003100157797873389,1
network,14.309588416119505,0.0002799085572168664,2
united,16.298511635460773,0.00021915343448870145,1
networks,12.57919192647977,0.00017575782709502595,2
defense industry,11.389986472985546,9.728607759157141e-05,1
spin-off,9.221688186870676,4.007981951669109e-05,0
defence,8.495994234016228,3.595774387977705e-05,1
