termo,n,slope,p,q,cresc_pct_ano
technological advancements,20,0.6145142620177222,1.8140543143661205e-08,8.426460138692822e-07,84.87583692636971
adaptability,27,0.5669973706722403,4.0273878112238185e-07,1.2390755486739254e-05,76.2965564109537
defense capabilities,23,0.5642843592224441,2.0346589676672848e-08,9.094541687554335e-07,75.81891005783716
actionable,26,0.550596503626208,0.00029515600744896417,0.0029013468118116023,73.4287217999088
foundational,23,0.4995067324455143,0.0006615679810468763,0.005597337668214464,64.79082105354865
digital transformation,38,0.4959923405473964,1.3838691628944276e-05,0.0002483625793103712,64.21269799767634
resilience,82,0.4288010944725683,3.2374708777647726e-10,2.840580929416573e-08,53.541560137218
activities carried,21,0.4141766581703345,0.004786865567061017,0.026009368184329237,51.312440906450284
geopolitical,68,0.3673673768772745,1.3879664224783238e-07,5.137644460704921e-06,44.39282875519519
advancements,42,0.3612174096145751,4.4832919609278434e-11,4.617790719755679e-09,43.5075426160489
aligning,25,0.34532256647395293,0.0009652263425389136,0.007639877135633267,41.24454537433637
full-scale,22,0.3432435837122714,0.0001920653309219123,0.0021361632345258696,40.95120542932149
strategic autonomy,29,0.3421761656017969,9.824082178506683e-06,0.00018618600544705865,40.8008318299824
artificial intelligence,77,0.34177093643023054,1.3043895348456501e-11,1.4045903672951568e-09,40.743786784482964
underscores,28,0.3235072406421672,0.009211766541898593,0.042128716096057464,38.196616255427585
instability,29,0.3199654651450697,0.0016035167936288336,0.011339496370467782,37.70802062496057
employing,22,0.31429747719243467,2.5569656723984572e-06,6.0574516779119456e-05,36.929701059732345
cybersecurity,30,0.3101364090798222,0.00019149319129267237,0.0021361632345258696,36.36111103829034
ecosystem orchestration,26,0.308154341040792,0.00011527098045536063,0.0014348660596223545,36.0911017151559
substantiated,36,0.29657260947004,1.8925393658539822e-08,8.621972610977085e-07,34.52402336316338
integrates,30,0.2857652936010556,4.281402006953452e-06,9.568529579691252e-05,33.078007599559655
systematic literature,29,0.2816519139986919,6.251804679394338e-05,0.0009086211831586005,32.53173152824505
digitalization,41,0.2723672669155017,1.3609971893199925e-14,2.686835284582552e-12,31.30691596253863
employs,41,0.27236726691546964,0.0005179796995710865,0.004578708612999641,31.30691596253441
recovery,48,0.2705758579876688,0.0014304973242556718,0.01033185414988319,31.071902146770448
scalable,26,0.26206950821674513,2.3744913889765645e-07,7.92277478941617e-06,29.961687334129294
serves,28,0.26039755369767753,0.0004594197182562827,0.004186020432881283,29.744578852015245
resilient,27,0.2556458953702555,0.0008145790287308573,0.0066772931455480996,29.12953932951916
evaluates,29,0.2545159855826088,1.905451945085772e-05,0.0003338843417361869,28.98371699771065
offering,60,0.25400964466018416,2.548161535034775e-07,8.269307776023812e-06,28.918423795173464
emerges,20,0.2540096446601837,0.0009232383426122771,0.007414073334401642,28.91842379517342
current state,26,0.25065436082220666,8.152912127241916e-05,0.0011036713616820629,28.48659075773037
artificial,84,0.2498638979985933,2.5325470221064337e-08,1.071357838458954e-06,28.38506701506196
ukrainian,45,0.24918140747641754,5.525843192505414e-06,0.000114830899324959,28.297475317287034
ethical,31,0.24887396587799732,5.045234857941801e-07,1.5129318200587502e-05,28.258037399141145
transparency,34,0.2480624787084666,0.0002335243425022388,0.0024263998569640515,28.153999865673484
fragmented,21,0.2464750544081742,0.00499323325038328,0.026762374593117623,27.950726475352727
covid-,24,0.24563696002209434,0.0001638201329367798,0.0018931214386694209,27.84353661368375
highlighting,59,0.2445485668457812,3.2363244595404673e-06,7.516522200638595e-05,27.70446827504145
intelligence,93,0.24431953455817437,7.118729846510268e-07,2.0076513102836697e-05,27.675223177698417
supply chains,37,0.24359090046114812,3.798698134169816e-06,8.57058655223647e-05,27.582228540391807
ukraine,120,0.24215579588969055,2.746023666565404e-39,3.2526650330467214e-36,27.399266017554535
entrepreneurial ecosystems,40,0.23316620392560905,9.402096883427861e-07,2.5310872178227955e-05,26.259130952155974
digital technologies,34,0.22819224114635872,7.984558655951244e-10,6.739439674560612e-08,25.632681992707518
strategic planning,21,0.22729492894995335,0.005745556719647019,0.02984917515097322,25.520000817545352
adapting,27,0.22527628102446623,0.0028392698047431317,0.017747309148908916,25.26687569949089
adaptive,48,0.22352706472595996,1.855112642101939e-05,0.0003279673021745891,25.04794837030262
alignment,52,0.21759134551540588,0.0018929643229334387,0.012886300232842863,24.307897401133282
adaptation,67,0.21685985327929366,0.010785987226973034,0.047406314917809125,24.2170003885795
enhancing,106,0.21570353750446145,5.4343257738799274e-08,2.145652959720258e-06,24.07344932270361
strengthening,116,0.21148053768805147,6.658148613422327e-06,0.00013597546607928873,23.550591959308377
startups,55,0.21004562776760136,4.262212690663305e-05,0.0006599465270706778,23.373435121677044
sovereignty,65,0.20890419836454494,0.0008573647735568573,0.00693207217937268,23.232693393926795
acceleration,24,0.20845761716056488,0.0048688814916303174,0.02615531001747015,23.17767227595422
interdisciplinary,22,0.20583958117034482,5.802618755946976e-05,0.0008485434464715053,22.855610465403743
orchestrator,51,0.20563573672782345,1.1132703379912188e-06,2.915486777013419e-05,22.830569584286753
nato,32,0.20486688618432325,0.0008486149192321519,0.006907250024911941,22.736167529289396
proactive,33,0.20240311416904672,0.0019751723243246035,0.01340740182328076,22.434145803583338
reliance,26,0.20187980523367716,0.0051472821051972905,0.02740204788137614,22.37009168259869
secondary data,26,0.20187980509782044,2.6157839051203713e-05,0.00043948879937802556,22.370091665973902
