year,title,cites,sim_projeto,cl,source,doi
2014,"Research and industry Discussion on issues of technology transfer, intellectual property and spin-off",0,0.16834453356370088,1,Il Colle di Galileo,https://doi.org/10.13128/colle_galileo-15101
2015,National Defence and Security Sector Policies Development: the Intelectual Property and Innovation Management at the Brazilian Armed Forces,0,0.1610585390581925,0,LA Referencia (Red Federada de Repositorios Institucionales de Publicaciones Científicas),
2013,The Shaping of the Social Networks of Transplantation with Soil in University Technology Transfer,2,0.14590069829231553,1,Science & Society,
2022,Assessing Systemic Strengths and Vulnerabilities of China's Defense Industrial Base,5,0.1353188169171435,2,RAND Corporation eBooks,https://doi.org/10.7249/rba930-1
2007,ANALYSIS OF COMPETITION IN THE DEFENSE INDUSTRIAL BASE: AN F‐22 CASE STUDY,14,0.13232744295616905,2,Contemporary Economic Policy,https://doi.org/10.1111/j.1465-7287.2006.00019.x
2010,Research on the spin-off paths of industrial clusters in the Northeastern Old Industrial Base,0,0.12912522212646677,6,Science-technology and Management,
2015,Research on promoting mechanism of dual-use technology transfer in equipment construction field,0,0.12826853363817103,0,Kexue guanli yanjiu,
2023,A TYPOLOGY OF CONTEMPORARY MODELS FOR DUAL-USE TECHNOLOGY TRANSFER,0,0.1272420209605608,0,Таврійський науковий вісник Серія Економіка,https://doi.org/10.32782/2708-0366/2023.17.2
2026,Application of Design Science Research in Brazilian Air Force Technology Transfer Processes,1,0.12643835517319235,0,Journal of Aerospace Technology and Management,https://doi.org/10.1590/jatm.v18.1414
2025,Unpacking the Nature of Orchestrator Coherence in Entrepreneurial Ecosystems,23,0.12429361952150128,5,Entrepreneurship Theory and Practice,https://doi.org/10.1177/10422587241311118
2020,Hypothetical Aspect of Crowdfunding as Alternate Finance for University Spinoffs and Quadruple Helix,5,0.1236128130901039,1,Journal of Research Management & Governance,https://doi.org/10.22452/jrmg.vol3no1.1
2026,METHODOLOGICAL APPROACHES TO ASSESSING INDUSTRIAL PARKS: R&D POTENTIAL AND THE QUADRUPLE HELIX MODEL IN THE CONTEXT OF STRATEGIC RESILIENCE,0,0.12302585644928157,4,Economics & Education,https://doi.org/10.30525/2500-946x/2026-1-1
2005,Civil-Military Integration and Dual-Use Policy Implications in the Evolution Process of National Innovation System in America and Japan,1,0.12231008208857093,0,,
2020,INDÚSTRIA 4.0: ANÁLISE DO PANORAMA BRASILEIRO E REFLEXOS PARA A BASE INDUSTRIAL DE DEFESA,0,0.11855950969894366,2,Revista Brasileira de Estudos Estratégicos,
2026,THE EMERGING INSTITUTIONAL ORDER IN DUAL-USE TECHNOLOGY TRANSFER AND ITS IMPACT ON INTELLECTUAL CAPITAL DIVERGENCE IN THE GLOBAL ECONOMY,0,0.11580160550421927,4,Academy Review,https://doi.org/10.32342/3041-2137-2026-1-64-20
2020,The role proximity plays in university-driven social networks. The case of the US and EU life-science clusters,10,0.11544684942964051,5,Journal of Entrepreneurship Management and Innovation,https://doi.org/10.7341/20201636
2022,University Spin-Off: The Solution to Intellectual Property Commercialization in Universities,2,0.11398010606625336,1,Open Journal of Social Sciences,https://doi.org/10.4236/jss.2022.104018
2008,An Analysis of Second-Tier Arms Producing Countries' Offset Policies: Technology Transfer and Defense Industrial Base Establishment,1,0.11282179343813273,2,Defense Technical Information Center (DTIC),
2021,System Dynamics of Crowdfunding and Quadruple Helix on University Spinoffs Formation in the Ghanaian Context,0,0.11211801205960983,1,International Journal of Academic Research in Accounting Finance and Management Sciences,https://doi.org/10.6007/ijarafms/v11-i1/9740
2025,"Challenges and opportunities for the EU-CAN trade relations Intellectual Property, Technology Transfer and the EU Dual-use items Exports Control regime",0,0.11153537781583385,0,Institutional Research Information System University of Turin (University of Turin),https://doi.org/10.13135/2785-7867/12842
2020,The Implementation of the Defense Industrial Base (DIB) a Comparative Study of Indonesia and Brazil,3,0.11030920531254859,2,DOAJ (DOAJ: Directory of Open Access Journals),
2023,Collaborative Innovation Performance Within Platform-Based Innovation Ecosystems: Identifying Relational Strategies With fsQCA,24,0.10996675314754048,5,IEEE Transactions on Engineering Management,https://doi.org/10.1109/tem.2023.3348154
2025,University-Industry-Government Integration in the Development of Sustainable and Cost-Efficient Solutions for the Shrimp Sector in Colombia: Nutriaqua Case,2,0.1091562920262119,0,Journal of Sustainable Development of Energy Water and Environment Systems,https://doi.org/10.13044/j.sdewes.d13.0557
2022,Assessing Systemic Strengths and Vulnerabilities of China's Defense Industrial Base: With a Repeatable Methodology for Other Countries,4,0.10894626201314316,2,RAND Corporation eBooks,https://doi.org/10.7249/rra930-1
2026,Mapping the Innovation DNA of Agribusiness Firms: A Multi‐Method Analysis of Strategic Capabilities and Performance,0,0.10872837294618556,5,Agribusiness,https://doi.org/10.1002/agr.70078
1993,A Defense Industrial Base Strategy: A Program Manager's Perspective,0,0.10865837546987925,2,Defense Technical Information Center (DTIC),
2007,Export Control and the U.S. Defense Industrial Base - Revised. Volume 1: Summary Report and Volume 2: Appendices,0,0.10831127565359913,2,Defense Technical Information Center (DTIC),
2025,THE ECONOMIC ROLE OF UNIVERSITIES IN SHAPING THE INNOVATION ENVIRONMENT,0,0.10804075047838135,1,EKONOMIKA I UPRAVLENIE PROBLEMY RESHENIYA,https://doi.org/10.36871/ek.up.p.r.2025.10.04.012
2018,A MOBILIZAÇÃO DA BASE INDUSTRIAL DE DEFESA NA AMÉRICA DO SUL POR MEIO DA INSERÇÃO BRASILEIRA NO SISTEMA OTAN DE CATALOGAÇÃO,0,0.10706815205197619,2,Austral Brazilian Journal of Strategy & International Relations,https://doi.org/10.22456/2238-6912.87993
2025,Paths to innovation ecosystem robustness: An fsQCA of structural and relational conditions in Dutch healthcare innovation ecosystems,2,0.10688345964419148,5,Journal of Business Research,https://doi.org/10.1016/j.jbusres.2025.115855
2012,Inovação em um programa estratégico de desenvolvimento: o Programa Espacial Brasileiro,0,0.10656648536510309,0,DOAJ (DOAJ: Directory of Open Access Journals),
2012,New Defense Priorities and the Defense Industrial Base,0,0.10613178834084204,2,,
2017,Networks in clusters,0,0.10551829746879715,6,,
2025,Orchestrating Power: The Cultural–Institutional Nexus and the Rise of Digital Innovation Ecosystems in Great Power Rivalry,3,0.1042257830529689,5,Systems,https://doi.org/10.3390/systems13080643
2014,On impetus of collaborative innovation of Dual-use technological industrial cluster,1,0.10380424952641243,6,Kexue guanli yanjiu,
2006,Research on operational mechanisms and developing pattern of dual-use technological mercerization,0,0.10358813588476345,0,Kexuexue yanjiu,
1994,Aerospace Business Law,7,0.10343650525994845,0,,
2017,DEFENSE INDUSTRY AND STRATEGIC AUTONOMY: THE POSITION OF BRAZIL AND COOPERATION IN DEFENSE IN SOUTH AMERICA,0,0.1029448775667576,2,DOAJ (DOAJ: Directory of Open Access Journals),
2020,7. Conclusion,0,0.10271933421657806,2,,https://doi.org/10.7208/chicago/9780226716664.003.0007
2026,"UTILITY MODEL, TECHNOLOGICAL MATURITY, AND DUAL USE IN THE BRAZILIAN DEFENSE INDUSTRIAL BASE: AN ANALYSIS OF PATENT BR 202014017157-1 IN LIGHT OF TRL",0,0.1023307468835836,2,Seven Editora eBooks,https://doi.org/10.56238/sevened2026.008-183
